insert into tool values(1, '2018-10-21T12:28:01Z', 'phong', '2018-10-21T12:28:01Z', 'phong', 'Eclipse', 'Luna');
insert into tool values(2, '2018-10-21T12:28:01Z', 'phong', '2018-10-21T12:28:01Z', 'phong', 'Netbeans', '7.0');
insert into tool values(3, '2018-10-21T12:28:01Z', 'phong', '2018-10-21T12:28:01Z', 'phong', 'IntelliJ', 'Premium');
insert into tool values(4, '2018-10-21T12:28:01Z', 'phong', '2018-10-21T12:28:01Z', 'phong', 'Spring Tool Suite', '4.3');
insert into tool values(5, '2018-10-21T12:28:01Z', 'phong', '2018-10-21T12:28:01Z', 'phong', 'Visual Studio Code', '2018');
insert into tool values(6, '2018-10-21T12:28:01Z', 'phong', '2018-10-21T12:28:01Z', 'phong', 'SQL Server 2012', '2012');
insert into tool values(7, '2018-10-21T12:28:01Z', 'phong', '2018-10-21T12:28:01Z', 'phong', 'Notepad++', '8.2');
insert into tool values(8, '2018-10-21T12:28:01Z', 'phong', '2018-10-21T12:28:01Z', 'phong', 'Cisco Packet Tracer', '7.2');
insert into tool values(9, '2018-10-21T12:28:01Z', 'phong', '2018-10-21T12:28:01Z', 'phong', 'Qt', '5.3');
insert into tool values(10, '2018-10-21T12:28:01Z', 'phong', '2018-10-21T12:30:01Z', 'phong', 'XamPP', '7.0');

insert into department values(1, '2018-10-21T12:28:01Z', 'phong', '2018-10-21T12:28:01Z', 'phong', 'Công nghệ thông tin');
insert into department values(2, '2018-10-21T12:28:01Z', 'phong', '2018-10-21T12:28:01Z', 'phong', 'Tin học ứng dụng');
insert into department values(3, '2018-10-21T12:28:01Z', 'phong', '2018-10-21T12:28:01Z', 'phong', 'Kỹ thuật phần mềm');
insert into department values(4, '2018-10-21T12:28:01Z', 'phong', '2018-10-21T12:28:01Z', 'phong', 'Truyền thông và mạng máy tính');
insert into department values(5, '2018-10-21T12:28:01Z', 'phong', '2018-10-21T12:28:01Z', 'phong', 'Hệ thống thông tin');
insert into department values(6, '2018-10-21T12:28:01Z', 'phong', '2018-10-21T12:28:01Z', 'phong', 'Khoa học máy tính');

insert into shift values(1, '2018-10-21T12:28:01Z', 'phong', '2018-10-21T12:28:01Z', 'phong', 'Sáng', 'S');
insert into shift values(2, '2018-10-21T12:28:01Z', 'phong', '2018-10-21T12:28:01Z', 'phong', 'Chiều', 'C');

insert into lab (id, created, created_by, modified, modified_by, capacity, cpu, department_id, disk_capacity, gpu, name, ram_capacity) values (1, '2018-10-21T12:28:01Z', 'phong', '2018-10-21T12:28:01Z', 'phong', 40, 'Intel core i5', 2, 250, 'AMD', 'Phòng 1', 32);
insert into lab (id, created, created_by, modified, modified_by, capacity, cpu, department_id, disk_capacity, gpu, name, ram_capacity) values (2, '2018-10-21T12:28:01Z', 'phong', '2018-10-21T12:28:01Z', 'phong', 40, 'Intel core i5', 3, 250, 'AMD', 'Phòng 2', 32);
insert into lab (id, created, created_by, modified, modified_by, capacity, cpu, department_id, disk_capacity, gpu, name, ram_capacity) values (3, '2018-10-21T12:28:01Z', 'phong', '2018-10-21T12:28:01Z', 'phong', 40, 'Intel core i5', 2, 500, 'AMD', 'Phòng 3', 32);
insert into lab (id, created, created_by, modified, modified_by, capacity, cpu, department_id, disk_capacity, gpu, name, ram_capacity) values (4, '2018-10-21T12:28:01Z', 'phong', '2018-10-21T12:28:01Z', 'phong', 40, 'Intel core i5', 2, 250, 'AMD', 'Phòng 4', 32);
insert into lab (id, created, created_by, modified, modified_by, capacity, cpu, department_id, disk_capacity, gpu, name, ram_capacity) values (5, '2018-10-21T12:28:01Z', 'phong', '2018-10-21T12:28:01Z', 'phong', 35, 'Intel core i3', 3, 500, 'AMD', 'Phòng 5', 32);
insert into lab (id, created, created_by, modified, modified_by, capacity, cpu, department_id, disk_capacity, gpu, name, ram_capacity) values (6, '2018-10-21T12:28:01Z', 'phong', '2018-10-21T12:28:01Z', 'phong', 40, 'Intel core i5', 2, 250, 'AMD', 'Phòng 6', 32);
insert into lab (id, created, created_by, modified, modified_by, capacity, cpu, department_id, disk_capacity, gpu, name, ram_capacity) values (7, '2018-10-21T12:28:01Z', 'phong', '2018-10-21T12:28:01Z', 'phong', 40, 'Intel core i5', 2, 250, 'AMD', 'Phòng 7', 32);
insert into lab (id, created, created_by, modified, modified_by, capacity, cpu, department_id, disk_capacity, gpu, name, ram_capacity) values (8, '2018-10-21T12:28:01Z', 'phong', '2018-10-21T12:28:01Z', 'phong', 40, 'Intel core i5', 1, 250, 'AMD', 'Phòng 8', 32);
insert into lab (id, created, created_by, modified, modified_by, capacity, cpu, department_id, disk_capacity, gpu, name, ram_capacity) values (9, '2018-10-21T12:28:01Z', 'phong', '2018-10-21T12:28:01Z', 'phong', 40, 'Intel core i5', 2, 250, 'AMD', 'Phòng 9', 32);
insert into lab (id, created, created_by, modified, modified_by, capacity, cpu, department_id, disk_capacity, gpu, name, ram_capacity) values (10, '2018-10-21T12:28:01Z', 'phong', '2018-10-21T12:28:01Z', 'phong', 40, 'Intel core i5', 1, 250, 'AMD', 'Phòng 10', 32);
insert into lab (id, created, created_by, modified, modified_by, capacity, cpu, department_id, disk_capacity, gpu, name, ram_capacity) values (11, '2018-10-21T12:28:01Z', 'phong', '2018-10-21T12:28:01Z', 'phong', 30, 'Intel core i3', 2, 250, 'AMD', 'Phòng 11', 32);
insert into lab (id, created, created_by, modified, modified_by, capacity, cpu, department_id, disk_capacity, gpu, name, ram_capacity) values (12, '2018-10-21T12:28:01Z', 'phong', '2018-10-21T12:28:01Z', 'phong', 40, 'Intel core i5', 4, 250, 'AMD', 'Phòng 12', 32);
insert into lab (id, created, created_by, modified, modified_by, capacity, cpu, department_id, disk_capacity, gpu, name, ram_capacity) values (13, '2018-10-21T12:28:01Z', 'phong', '2018-10-21T12:28:01Z', 'phong', 40, 'Intel core i5', 2, 250, 'AMD', 'Phòng 13', 32);
insert into lab (id, created, created_by, modified, modified_by, capacity, cpu, department_id, disk_capacity, gpu, name, ram_capacity) values (14, '2018-10-21T12:28:01Z', 'phong', '2018-10-21T12:28:01Z', 'phong', 40, 'Intel core i5', 1, 250, 'AMD', 'Phòng 14', 32);
insert into lab (id, created, created_by, modified, modified_by, capacity, cpu, department_id, disk_capacity, gpu, name, ram_capacity) values (15, '2018-10-21T12:28:01Z', 'phong', '2018-10-21T12:28:01Z', 'phong', 40, 'Intel core i5', 2, 250, 'AMD', 'Phòng 15', 32);
insert into lab (id, created, created_by, modified, modified_by, capacity, cpu, department_id, disk_capacity, gpu, name, ram_capacity) values (16, '2018-10-21T12:28:01Z', 'phong', '2018-10-21T12:28:01Z', 'phong', 45, 'Intel core i3', 6, 500, 'AMD', 'Phòng 16', 32);
insert into lab (id, created, created_by, modified, modified_by, capacity, cpu, department_id, disk_capacity, gpu, name, ram_capacity) values (17, '2018-10-21T12:28:01Z', 'phong', '2018-10-21T12:28:01Z', 'phong', 40, 'Intel core i5', 2, 250, 'AMD', 'Phòng 17', 32);
insert into lab (id, created, created_by, modified, modified_by, capacity, cpu, department_id, disk_capacity, gpu, name, ram_capacity) values (18, '2018-10-21T12:28:01Z', 'phong', '2018-10-21T12:28:01Z', 'phong', 40, 'Intel core i5', 1, 250, 'AMD', 'Phòng 18', 32);

insert into lab_tools (lab_id, tool_id) values (1, 2);
insert into lab_tools (lab_id, tool_id) values (1, 3);
insert into lab_tools (lab_id, tool_id) values (5, 1);
insert into lab_tools (lab_id, tool_id) values (6, 1);
insert into lab_tools (lab_id, tool_id) values (6, 2);
insert into lab_tools (lab_id, tool_id) values (4, 3);
insert into lab_tools (lab_id, tool_id) values (2, 7);
insert into lab_tools (lab_id, tool_id) values (10, 7);
insert into lab_tools (lab_id, tool_id) values (15, 4);
insert into lab_tools (lab_id, tool_id) values (12, 3);
insert into lab_tools (lab_id, tool_id) values (13, 6);
insert into lab_tools (lab_id, tool_id) values (13, 8);

insert into period (created, created_by, modified, modified_by, amount_of_week, end_date, end_year, semester, start_date, start_year, id) values ('2018-10-21T12:28:01Z', 'phong', '2018-10-21T12:28:01Z', 'phong', 20, '2019-03-31', 2019, 'First', '2018-11-12', 2018, 1);

insert into week_of_period (created, created_by, modified, modified_by, end_date, num_order, period_belong_to_id, start_date, id) values ('2018-10-21T12:28:01Z', 'phong', '2018-10-21T12:28:01Z', 'phong', '2018-11-18', 1, 1, '2018-11-12', 1);
insert into week_of_period (created, created_by, modified, modified_by, end_date, num_order, period_belong_to_id, start_date, id) values ('2018-10-21T12:28:01Z', 'phong', '2018-10-21T12:28:01Z', 'phong', '2018-11-25', 2, 1, '2018-11-19', 2);
insert into week_of_period (created, created_by, modified, modified_by, end_date, num_order, period_belong_to_id, start_date, id) values ('2018-10-21T12:28:01Z', 'phong', '2018-10-21T12:28:01Z', 'phong', '2018-12-02', 3, 1, '2018-11-26', 3);
insert into week_of_period (created, created_by, modified, modified_by, end_date, num_order, period_belong_to_id, start_date, id) values ('2018-10-21T12:28:01Z', 'phong', '2018-10-21T12:28:01Z', 'phong', '2018-12-09', 4, 1, '2018-12-03', 4);
insert into week_of_period (created, created_by, modified, modified_by, end_date, num_order, period_belong_to_id, start_date, id) values ('2018-10-21T12:28:01Z', 'phong', '2018-10-21T12:28:01Z', 'phong', '2018-12-16', 5, 1, '2018-12-10', 5);
insert into week_of_period (created, created_by, modified, modified_by, end_date, num_order, period_belong_to_id, start_date, id) values ('2018-10-21T12:28:01Z', 'phong', '2018-10-21T12:28:01Z', 'phong', '2018-12-23', 6, 1, '2018-12-17', 6);
insert into week_of_period (created, created_by, modified, modified_by, end_date, num_order, period_belong_to_id, start_date, id) values ('2018-10-21T12:28:01Z', 'phong', '2018-10-21T12:28:01Z', 'phong', '2018-12-30', 7, 1, '2018-12-24', 7);
insert into week_of_period (created, created_by, modified, modified_by, end_date, num_order, period_belong_to_id, start_date, id) values ('2018-10-21T12:28:01Z', 'phong', '2018-10-21T12:28:01Z', 'phong', '2019-01-06', 8, 1, '2018-12-31', 8);
insert into week_of_period (created, created_by, modified, modified_by, end_date, num_order, period_belong_to_id, start_date, id) values ('2018-10-21T12:28:01Z', 'phong', '2018-10-21T12:28:01Z', 'phong', '2019-01-13', 9, 1, '2019-01-07', 9);
insert into week_of_period (created, created_by, modified, modified_by, end_date, num_order, period_belong_to_id, start_date, id) values ('2018-10-21T12:28:01Z', 'phong', '2018-10-21T12:28:01Z', 'phong', '2019-01-20', 10, 1, '2019-01-14', 10);
insert into week_of_period (created, created_by, modified, modified_by, end_date, num_order, period_belong_to_id, start_date, id) values ('2018-10-21T12:28:01Z', 'phong', '2018-10-21T12:28:01Z', 'phong', '2019-01-27', 11, 1, '2019-01-21', 11);
insert into week_of_period (created, created_by, modified, modified_by, end_date, num_order, period_belong_to_id, start_date, id) values ('2018-10-21T12:28:01Z', 'phong', '2018-10-21T12:28:01Z', 'phong', '2019-02-03', 12, 1, '2019-01-28', 12);
insert into week_of_period (created, created_by, modified, modified_by, end_date, num_order, period_belong_to_id, start_date, id) values ('2018-10-21T12:28:01Z', 'phong', '2018-10-21T12:28:01Z', 'phong', '2019-02-10', 13, 1, '2019-02-04', 13);
insert into week_of_period (created, created_by, modified, modified_by, end_date, num_order, period_belong_to_id, start_date, id) values ('2018-10-21T12:28:01Z', 'phong', '2018-10-21T12:28:01Z', 'phong', '2019-02-17', 14, 1, '2019-02-11', 14);
insert into week_of_period (created, created_by, modified, modified_by, end_date, num_order, period_belong_to_id, start_date, id) values ('2018-10-21T12:28:01Z', 'phong', '2018-10-21T12:28:01Z', 'phong', '2019-02-24', 15, 1, '2019-02-18', 15);
insert into week_of_period (created, created_by, modified, modified_by, end_date, num_order, period_belong_to_id, start_date, id) values ('2018-10-21T12:28:01Z', 'phong', '2018-10-21T12:28:01Z', 'phong', '2019-03-03', 16, 1, '2019-02-25', 16);
insert into week_of_period (created, created_by, modified, modified_by, end_date, num_order, period_belong_to_id, start_date, id) values ('2018-10-21T12:28:01Z', 'phong', '2018-10-21T12:28:01Z', 'phong', '2019-03-10', 17, 1, '2019-03-04', 17);
insert into week_of_period (created, created_by, modified, modified_by, end_date, num_order, period_belong_to_id, start_date, id) values ('2018-10-21T12:28:01Z', 'phong', '2018-10-21T12:28:01Z', 'phong', '2019-03-17', 18, 1, '2019-03-11', 18);
insert into week_of_period (created, created_by, modified, modified_by, end_date, num_order, period_belong_to_id, start_date, id) values ('2018-10-21T12:28:01Z', 'phong', '2018-10-21T12:28:01Z', 'phong', '2019-03-24', 19, 1, '2019-03-18', 19);
insert into week_of_period (created, created_by, modified, modified_by, end_date, num_order, period_belong_to_id, start_date, id) values ('2018-10-21T12:28:01Z', 'phong', '2018-10-21T12:28:01Z', 'phong', '2019-03-31', 20, 1, '2019-03-25', 20);

insert into user (created, created_by, modified, modified_by, department_id, dob, email, full_name, active, phone_number, user_id, username, id) values ('2018-10-21T12:28:01Z', 'phong', '2018-10-21T12:28:01Z', 'phong', 4, '1992-03-16', 'pnqphong@gmail.com', 'Phạm Phong', 1, '0939949095', '00150', 'pnqphong', 1);
insert into user (created, created_by, modified, modified_by, department_id, dob, email, full_name, active, phone_number, user_id, username, id) values ('2018-10-21T12:28:01Z', 'phong', '2018-10-21T12:28:01Z', 'phong', 2, '1992-05-04', 'nttha@gmail.com', 'Nguyễn Thị Tố Hà', 0, '0976848266', '00260', 'nttha', 2);
insert into user (created, created_by, modified, modified_by, department_id, dob, email, full_name, active, phone_number, user_id, username, id) values ('2018-10-21T12:28:01Z', 'phong', '2018-10-21T12:28:01Z', 'phong', 1, '1980-03-17', 'tcan@cit.ctu.edu.vn', 'Trần Công Án', 1, '0901922933', '00370', 'tcan', 3);
insert into user (created, created_by, modified, modified_by, department_id, dob, email, full_name, active, phone_number, user_id, username, id) values ('2018-10-21T12:28:01Z', 'phong', '2018-10-21T12:28:01Z', 'phong', 6, '1989-01-15', 'hnphat@gmail.com', 'Huỳnh Nhựt Phát', 1, '0376221223', '99480', 'hnphat', 4);

insert into user_roles (user_id, role_key) values (1, 'R1');
insert into user_roles (user_id, role_key) values (2, 'R2');
insert into user_roles (user_id, role_key) values (2, 'R3');
insert into user_roles (user_id, role_key) values (3, 'R3');
insert into user_roles (user_id, role_key) values (4, 'R3');