insert into tool values(1, '2018-10-21T12:28:01Z', 'phong', '2018-10-21T12:28:01Z', 'phong', 'Eclipse', 'Luna');
insert into tool values(2, '2018-10-21T12:28:01Z', 'phong', '2018-10-21T12:28:01Z', 'phong', 'Netbeans', '7.0');
insert into tool values(3, '2018-10-21T12:28:01Z', 'phong', '2018-10-21T12:28:01Z', 'phong', 'IntelliJ', 'Premium');
insert into tool values(4, '2018-10-21T12:28:01Z', 'phong', '2018-10-21T12:28:01Z', 'phong', 'Spring Tool Suite', '4.3');
insert into tool values(5, '2018-10-21T12:28:01Z', 'phong', '2018-10-21T12:28:01Z', 'phong', 'Visual Studio Code', '2018');
insert into tool values(6, '2018-10-21T12:28:01Z', 'phong', '2018-10-21T12:28:01Z', 'phong', 'SQL Server 2012', '2012');
insert into tool values(7, '2018-10-21T12:28:01Z', 'phong', '2018-10-21T12:28:01Z', 'phong', 'Notepad++', '8.2');
insert into tool values(8, '2018-10-21T12:28:01Z', 'phong', '2018-10-21T12:28:01Z', 'phong', 'Cisco Packet Tracer', '7.2');
insert into tool values(9, '2018-10-21T12:28:01Z', 'phong', '2018-10-21T12:28:01Z', 'phong', 'Qt', '5.3');
insert into tool values(10, '2018-10-21T12:28:01Z', 'phong', '2018-10-21T12:30:01Z', 'phong', 'XamPP', '7.0');

insert into department values(1, '2018-10-21T12:28:01Z', 'phong', '2018-10-21T12:28:01Z', 'phong', 'Công nghệ thông tin');
insert into department values(2, '2018-10-21T12:28:01Z', 'phong', '2018-10-21T12:28:01Z', 'phong', 'Tin học ứng dụng');
insert into department values(3, '2018-10-21T12:28:01Z', 'phong', '2018-10-21T12:28:01Z', 'phong', 'Kỹ thuật phần mềm');
insert into department values(4, '2018-10-21T12:28:01Z', 'phong', '2018-10-21T12:28:01Z', 'phong', 'Truyền thông và mạng máy tính');
insert into department values(5, '2018-10-21T12:28:01Z', 'phong', '2018-10-21T12:28:01Z', 'phong', 'Hệ thống thông tin');
insert into department values(6, '2018-10-21T12:28:01Z', 'phong', '2018-10-21T12:28:01Z', 'phong', 'Khoa học máy tính');

insert into shift values(1, '2018-10-21T12:28:01Z', 'phong', '2018-10-21T12:28:01Z', 'phong', 'Sáng', 'S');
insert into shift values(2, '2018-10-21T12:28:01Z', 'phong', '2018-10-21T12:28:01Z', 'phong', 'Chiều', 'C');

insert into lab (id, created, created_by, modified, modified_by, capacity, cpu, department_id, disk_capacity, gpu, name, ram_capacity) values (1, '2018-10-21T12:28:01Z', 'phong', '2018-10-21T12:28:01Z', 'phong', 40, 'Intel core i5', 2, 250, 'AMD', 'Phòng 1', 32);
insert into lab (id, created, created_by, modified, modified_by, capacity, cpu, department_id, disk_capacity, gpu, name, ram_capacity) values (2, '2018-10-21T12:28:01Z', 'phong', '2018-10-21T12:28:01Z', 'phong', 40, 'Intel core i5', 3, 250, 'AMD', 'Phòng 2', 32);
insert into lab (id, created, created_by, modified, modified_by, capacity, cpu, department_id, disk_capacity, gpu, name, ram_capacity) values (3, '2018-10-21T12:28:01Z', 'phong', '2018-10-21T12:28:01Z', 'phong', 40, 'Intel core i5', 2, 500, 'AMD', 'Phòng 3', 32);
insert into lab (id, created, created_by, modified, modified_by, capacity, cpu, department_id, disk_capacity, gpu, name, ram_capacity) values (4, '2018-10-21T12:28:01Z', 'phong', '2018-10-21T12:28:01Z', 'phong', 40, 'Intel core i5', 2, 250, 'AMD', 'Phòng 4', 32);
insert into lab (id, created, created_by, modified, modified_by, capacity, cpu, department_id, disk_capacity, gpu, name, ram_capacity) values (5, '2018-10-21T12:28:01Z', 'phong', '2018-10-21T12:28:01Z', 'phong', 35, 'Intel core i3', 3, 500, 'AMD', 'Phòng 5', 32);
insert into lab (id, created, created_by, modified, modified_by, capacity, cpu, department_id, disk_capacity, gpu, name, ram_capacity) values (6, '2018-10-21T12:28:01Z', 'phong', '2018-10-21T12:28:01Z', 'phong', 40, 'Intel core i5', 2, 250, 'AMD', 'Phòng 6', 32);
insert into lab (id, created, created_by, modified, modified_by, capacity, cpu, department_id, disk_capacity, gpu, name, ram_capacity) values (7, '2018-10-21T12:28:01Z', 'phong', '2018-10-21T12:28:01Z', 'phong', 40, 'Intel core i5', 2, 250, 'AMD', 'Phòng 7', 32);
insert into lab (id, created, created_by, modified, modified_by, capacity, cpu, department_id, disk_capacity, gpu, name, ram_capacity) values (8, '2018-10-21T12:28:01Z', 'phong', '2018-10-21T12:28:01Z', 'phong', 40, 'Intel core i5', 1, 250, 'AMD', 'Phòng 8', 32);
insert into lab (id, created, created_by, modified, modified_by, capacity, cpu, department_id, disk_capacity, gpu, name, ram_capacity) values (9, '2018-10-21T12:28:01Z', 'phong', '2018-10-21T12:28:01Z', 'phong', 40, 'Intel core i5', 2, 250, 'AMD', 'Phòng 9', 32);
insert into lab (id, created, created_by, modified, modified_by, capacity, cpu, department_id, disk_capacity, gpu, name, ram_capacity) values (10, '2018-10-21T12:28:01Z', 'phong', '2018-10-21T12:28:01Z', 'phong', 40, 'Intel core i5', 1, 250, 'AMD', 'Phòng 10', 32);
insert into lab (id, created, created_by, modified, modified_by, capacity, cpu, department_id, disk_capacity, gpu, name, ram_capacity) values (11, '2018-10-21T12:28:01Z', 'phong', '2018-10-21T12:28:01Z', 'phong', 30, 'Intel core i3', 2, 250, 'AMD', 'Phòng 11', 32);
insert into lab (id, created, created_by, modified, modified_by, capacity, cpu, department_id, disk_capacity, gpu, name, ram_capacity) values (12, '2018-10-21T12:28:01Z', 'phong', '2018-10-21T12:28:01Z', 'phong', 40, 'Intel core i5', 4, 250, 'AMD', 'Phòng 12', 32);
insert into lab (id, created, created_by, modified, modified_by, capacity, cpu, department_id, disk_capacity, gpu, name, ram_capacity) values (13, '2018-10-21T12:28:01Z', 'phong', '2018-10-21T12:28:01Z', 'phong', 40, 'Intel core i5', 2, 250, 'AMD', 'Phòng 13', 32);
insert into lab (id, created, created_by, modified, modified_by, capacity, cpu, department_id, disk_capacity, gpu, name, ram_capacity) values (14, '2018-10-21T12:28:01Z', 'phong', '2018-10-21T12:28:01Z', 'phong', 40, 'Intel core i5', 1, 250, 'AMD', 'Phòng 14', 32);
insert into lab (id, created, created_by, modified, modified_by, capacity, cpu, department_id, disk_capacity, gpu, name, ram_capacity) values (15, '2018-10-21T12:28:01Z', 'phong', '2018-10-21T12:28:01Z', 'phong', 40, 'Intel core i5', 2, 250, 'AMD', 'Phòng 15', 32);
insert into lab (id, created, created_by, modified, modified_by, capacity, cpu, department_id, disk_capacity, gpu, name, ram_capacity) values (16, '2018-10-21T12:28:01Z', 'phong', '2018-10-21T12:28:01Z', 'phong', 45, 'Intel core i3', 6, 500, 'AMD', 'Phòng 16', 32);
insert into lab (id, created, created_by, modified, modified_by, capacity, cpu, department_id, disk_capacity, gpu, name, ram_capacity) values (17, '2018-10-21T12:28:01Z', 'phong', '2018-10-21T12:28:01Z', 'phong', 40, 'Intel core i5', 2, 250, 'AMD', 'Phòng 17', 32);
insert into lab (id, created, created_by, modified, modified_by, capacity, cpu, department_id, disk_capacity, gpu, name, ram_capacity) values (18, '2018-10-21T12:28:01Z', 'phong', '2018-10-21T12:28:01Z', 'phong', 40, 'Intel core i5', 1, 250, 'AMD', 'Phòng 18', 32);

insert into lab_tools (lab_id, tool_id) values (1, 2);
insert into lab_tools (lab_id, tool_id) values (1, 3);
insert into lab_tools (lab_id, tool_id) values (5, 1);
insert into lab_tools (lab_id, tool_id) values (6, 1);
insert into lab_tools (lab_id, tool_id) values (6, 2);
insert into lab_tools (lab_id, tool_id) values (4, 3);
insert into lab_tools (lab_id, tool_id) values (2, 7);
insert into lab_tools (lab_id, tool_id) values (10, 7);
insert into lab_tools (lab_id, tool_id) values (15, 4);
insert into lab_tools (lab_id, tool_id) values (12, 3);
insert into lab_tools (lab_id, tool_id) values (13, 6);
insert into lab_tools (lab_id, tool_id) values (13, 8);

insert into period (created, created_by, modified, modified_by, amount_of_week, end_date, end_year, semester, start_date, start_year, id) values ('2018-10-21T12:28:01Z', 'phong', '2018-10-21T12:28:01Z', 'phong', 20, '2019-03-31', 2019, 'First', '2018-11-12', 2018, 1);

insert into week_of_period (created, created_by, modified, modified_by, end_date, num_order, period_belong_to_id, start_date, id) values ('2018-10-21T12:28:01Z', 'phong', '2018-10-21T12:28:01Z', 'phong', '2018-11-18', 1, 1, '2018-11-12', 1);
insert into week_of_period (created, created_by, modified, modified_by, end_date, num_order, period_belong_to_id, start_date, id) values ('2018-10-21T12:28:01Z', 'phong', '2018-10-21T12:28:01Z', 'phong', '2018-11-25', 2, 1, '2018-11-19', 2);
insert into week_of_period (created, created_by, modified, modified_by, end_date, num_order, period_belong_to_id, start_date, id) values ('2018-10-21T12:28:01Z', 'phong', '2018-10-21T12:28:01Z', 'phong', '2018-12-02', 3, 1, '2018-11-26', 3);
insert into week_of_period (created, created_by, modified, modified_by, end_date, num_order, period_belong_to_id, start_date, id) values ('2018-10-21T12:28:01Z', 'phong', '2018-10-21T12:28:01Z', 'phong', '2018-12-09', 4, 1, '2018-12-03', 4);
insert into week_of_period (created, created_by, modified, modified_by, end_date, num_order, period_belong_to_id, start_date, id) values ('2018-10-21T12:28:01Z', 'phong', '2018-10-21T12:28:01Z', 'phong', '2018-12-16', 5, 1, '2018-12-10', 5);
insert into week_of_period (created, created_by, modified, modified_by, end_date, num_order, period_belong_to_id, start_date, id) values ('2018-10-21T12:28:01Z', 'phong', '2018-10-21T12:28:01Z', 'phong', '2018-12-23', 6, 1, '2018-12-17', 6);
insert into week_of_period (created, created_by, modified, modified_by, end_date, num_order, period_belong_to_id, start_date, id) values ('2018-10-21T12:28:01Z', 'phong', '2018-10-21T12:28:01Z', 'phong', '2018-12-30', 7, 1, '2018-12-24', 7);
insert into week_of_period (created, created_by, modified, modified_by, end_date, num_order, period_belong_to_id, start_date, id) values ('2018-10-21T12:28:01Z', 'phong', '2018-10-21T12:28:01Z', 'phong', '2019-01-06', 8, 1, '2018-12-31', 8);
insert into week_of_period (created, created_by, modified, modified_by, end_date, num_order, period_belong_to_id, start_date, id) values ('2018-10-21T12:28:01Z', 'phong', '2018-10-21T12:28:01Z', 'phong', '2019-01-13', 9, 1, '2019-01-07', 9);
insert into week_of_period (created, created_by, modified, modified_by, end_date, num_order, period_belong_to_id, start_date, id) values ('2018-10-21T12:28:01Z', 'phong', '2018-10-21T12:28:01Z', 'phong', '2019-01-20', 10, 1, '2019-01-14', 10);
insert into week_of_period (created, created_by, modified, modified_by, end_date, num_order, period_belong_to_id, start_date, id) values ('2018-10-21T12:28:01Z', 'phong', '2018-10-21T12:28:01Z', 'phong', '2019-01-27', 11, 1, '2019-01-21', 11);
insert into week_of_period (created, created_by, modified, modified_by, end_date, num_order, period_belong_to_id, start_date, id) values ('2018-10-21T12:28:01Z', 'phong', '2018-10-21T12:28:01Z', 'phong', '2019-02-03', 12, 1, '2019-01-28', 12);
insert into week_of_period (created, created_by, modified, modified_by, end_date, num_order, period_belong_to_id, start_date, id) values ('2018-10-21T12:28:01Z', 'phong', '2018-10-21T12:28:01Z', 'phong', '2019-02-10', 13, 1, '2019-02-04', 13);
insert into week_of_period (created, created_by, modified, modified_by, end_date, num_order, period_belong_to_id, start_date, id) values ('2018-10-21T12:28:01Z', 'phong', '2018-10-21T12:28:01Z', 'phong', '2019-02-17', 14, 1, '2019-02-11', 14);
insert into week_of_period (created, created_by, modified, modified_by, end_date, num_order, period_belong_to_id, start_date, id) values ('2018-10-21T12:28:01Z', 'phong', '2018-10-21T12:28:01Z', 'phong', '2019-02-24', 15, 1, '2019-02-18', 15);
insert into week_of_period (created, created_by, modified, modified_by, end_date, num_order, period_belong_to_id, start_date, id) values ('2018-10-21T12:28:01Z', 'phong', '2018-10-21T12:28:01Z', 'phong', '2019-03-03', 16, 1, '2019-02-25', 16);
insert into week_of_period (created, created_by, modified, modified_by, end_date, num_order, period_belong_to_id, start_date, id) values ('2018-10-21T12:28:01Z', 'phong', '2018-10-21T12:28:01Z', 'phong', '2019-03-10', 17, 1, '2019-03-04', 17);
insert into week_of_period (created, created_by, modified, modified_by, end_date, num_order, period_belong_to_id, start_date, id) values ('2018-10-21T12:28:01Z', 'phong', '2018-10-21T12:28:01Z', 'phong', '2019-03-17', 18, 1, '2019-03-11', 18);
insert into week_of_period (created, created_by, modified, modified_by, end_date, num_order, period_belong_to_id, start_date, id) values ('2018-10-21T12:28:01Z', 'phong', '2018-10-21T12:28:01Z', 'phong', '2019-03-24', 19, 1, '2019-03-18', 19);
insert into week_of_period (created, created_by, modified, modified_by, end_date, num_order, period_belong_to_id, start_date, id) values ('2018-10-21T12:28:01Z', 'phong', '2018-10-21T12:28:01Z', 'phong', '2019-03-31', 20, 1, '2019-03-25', 20);

insert into user (created, created_by, modified, modified_by, department_id, dob, email, full_name, active, phone_number, user_id, username, id) values ('2018-10-21T12:28:01Z', 'phong', '2018-10-21T12:28:01Z', 'phong', 4, '1992-03-16', 'pnqphong@gmail.com', 'Phạm Phong', 1, '0939949095', '00150', 'pnqphong', 1);
insert into user (created, created_by, modified, modified_by, department_id, dob, email, full_name, active, phone_number, user_id, username, id) values ('2018-10-21T12:28:01Z', 'phong', '2018-10-21T12:28:01Z', 'phong', 2, '1992-05-04', 'nttha@gmail.com', 'Nguyễn Thị Tố Hà', 1, '0976848266', '00260', 'nttha', 2);
insert into user (created, created_by, modified, modified_by, department_id, dob, email, full_name, active, phone_number, user_id, username, id) values ('2018-10-21T12:28:01Z', 'phong', '2018-10-21T12:28:01Z', 'phong', 1, '1980-03-17', 'tcan@cit.ctu.edu.vn', 'Trần Công Án', 1, '0901922933', '00370', 'tcan', 3);
insert into user (created, created_by, modified, modified_by, department_id, dob, email, full_name, active, phone_number, user_id, username, id) values ('2018-10-21T12:28:01Z', 'phong', '2018-10-21T12:28:01Z', 'phong', 6, '1989-01-15', 'hnphat@gmail.com', 'Huỳnh Nhựt Phát', 1, '0376221223', '99480', 'hnphat', 4);

insert into user_roles (user_id, role_key) values (1, 'R1');
insert into user_roles (user_id, role_key) values (2, 'R2');
insert into user_roles (user_id, role_key) values (2, 'R3');
insert into user_roles (user_id, role_key) values (3, 'R3');
insert into user_roles (user_id, role_key) values (4, 'R3');

insert into subject (created, created_by, modified, modified_by, name, subject_id, weight, id) values ('2018-10-21T12:28:01Z', 'phong', '2018-10-21T12:28:01Z', 'phong', 'Quy hoạch tuyến tính - CNTT', 'CT123', 2, 1);
insert into subject (created, created_by, modified, modified_by, name, subject_id, weight, id) values ('2018-10-21T12:28:01Z', 'phong', '2018-10-21T12:28:01Z', 'phong', 'Lý thuyết xếp hàng', 'CT126', 2, 2);
insert into subject (created, created_by, modified, modified_by, name, subject_id, weight, id) values ('2018-10-21T12:28:01Z', 'phong', '2018-10-21T12:28:01Z', 'phong', 'An toàn và bảo mật thông tin', 'CT204', 3, 3);
insert into subject (created, created_by, modified, modified_by, name, subject_id, weight, id) values ('2018-10-21T12:28:01Z', 'phong', '2018-10-21T12:28:01Z', 'phong', 'Phương pháp NCKH', 'CT311', 2, 4);
insert into subject (created, created_by, modified, modified_by, name, subject_id, weight, id) values ('2018-10-21T12:28:01Z', 'phong', '2018-10-21T12:28:01Z', 'phong', 'An toàn và bảo mật thông tin', 'CT313', 2, 5);
insert into subject (created, created_by, modified, modified_by, name, subject_id, weight, id) values ('2018-10-21T12:28:01Z', 'phong', '2018-10-21T12:28:01Z', 'phong', 'Cấu trúc dữ liệu', 'CT103', 4, 6);
insert into subject (created, created_by, modified, modified_by, name, subject_id, weight, id) values ('2018-10-21T12:28:01Z', 'phong', '2018-10-21T12:28:01Z', 'phong', 'Phân tích và thiết kế thuật toán', 'CT174', 3, 7);
insert into subject (created, created_by, modified, modified_by, name, subject_id, weight, id) values ('2018-10-21T12:28:01Z', 'phong', '2018-10-21T12:28:01Z', 'phong', 'Hệ cơ sở dữ liệu', 'CT106', 4, 8);
insert into subject (created, created_by, modified, modified_by, name, subject_id, weight, id) values ('2018-10-21T12:28:01Z', 'phong', '2018-10-21T12:28:01Z', 'phong', 'Lý thuyết thông tin', 'CT127', 2, 9);
insert into subject (created, created_by, modified, modified_by, name, subject_id, weight, id) values ('2018-10-21T12:28:01Z', 'phong', '2018-10-21T12:28:01Z', 'phong', 'Cơ sở dữ liệu', 'CT180', 3, 10);
insert into subject (created, created_by, modified, modified_by, name, subject_id, weight, id) values ('2018-10-21T12:28:01Z', 'phong', '2018-10-21T12:28:01Z', 'phong', 'Niên luận cơ sở ngành hệ thống thông tin', 'CT252', 3, 11);
insert into subject (created, created_by, modified, modified_by, name, subject_id, weight, id) values ('2018-10-21T12:28:01Z', 'phong', '2018-10-21T12:28:01Z', 'phong', 'Hệ quản trị CSDL đa phương tiện', 'CT431', 2, 12);
insert into subject (created, created_by, modified, modified_by, name, subject_id, weight, id) values ('2018-10-21T12:28:01Z', 'phong', '2018-10-21T12:28:01Z', 'phong', 'Nguyên lý hệ điều hành', 'CT178', 3, 13);
insert into subject (created, created_by, modified, modified_by, name, subject_id, weight, id) values ('2018-10-21T12:28:01Z', 'phong', '2018-10-21T12:28:01Z', 'phong', 'Kiểm thử phần mềm', 'CT326', 2, 14);
insert into subject (created, created_by, modified, modified_by, name, subject_id, weight, id) values ('2018-10-21T12:28:01Z', 'phong', '2018-10-21T12:28:01Z', 'phong', 'Đảm bảo chất lượng phần mềm', 'CT327', 2, 15);
insert into subject (created, created_by, modified, modified_by, name, subject_id, weight, id) values ('2018-10-21T12:28:01Z', 'phong', '2018-10-21T12:28:01Z', 'phong', 'Niên luận - CNTT', 'CT466', 3, 16);
insert into subject (created, created_by, modified, modified_by, name, subject_id, weight, id) values ('2018-10-21T12:28:01Z', 'phong', '2018-10-21T12:28:01Z', 'phong', 'Nhập môn công nghệ phần mềm', 'CT171', 3, 17);
insert into subject (created, created_by, modified, modified_by, name, subject_id, weight, id) values ('2018-10-21T12:28:01Z', 'phong', '2018-10-21T12:28:01Z', 'phong', 'Nguyên lý xây dựng phần mềm', 'CT240', 3, 18);
insert into subject (created, created_by, modified, modified_by, name, subject_id, weight, id) values ('2018-10-21T12:28:01Z', 'phong', '2018-10-21T12:28:01Z', 'phong', 'Kiến trúc máy tính', 'CT173', 3, 19);
insert into subject (created, created_by, modified, modified_by, name, subject_id, weight, id) values ('2018-10-21T12:28:01Z', 'phong', '2018-10-21T12:28:01Z', 'phong', 'Lập trình cho thiết bị di động', 'CT274', 3, 20);
insert into subject (created, created_by, modified, modified_by, name, subject_id, weight, id) values ('2018-10-21T12:28:01Z', 'phong', '2018-10-21T12:28:01Z', 'phong', 'Lập trình cho các thiết bị di động', 'CT329', 2, 21);
insert into subject (created, created_by, modified, modified_by, name, subject_id, weight, id) values ('2018-10-21T12:28:01Z', 'phong', '2018-10-21T12:28:01Z', 'phong', 'Tin học căn bản', 'TN033', 1, 22);
insert into subject (created, created_by, modified, modified_by, name, subject_id, weight, id) values ('2018-10-21T12:28:01Z', 'phong', '2018-10-21T12:28:01Z', 'phong', 'Lập trình hướng đối tượng Java', 'TN196', 3, 23);
insert into subject (created, created_by, modified, modified_by, name, subject_id, weight, id) values ('2018-10-21T12:28:01Z', 'phong', '2018-10-21T12:28:01Z', 'phong', 'Lập trình Java nâng cao', 'TN208', 3, 24);
insert into subject (created, created_by, modified, modified_by, name, subject_id, weight, id) values ('2018-10-21T12:28:01Z', 'phong', '2018-10-21T12:28:01Z', 'phong', 'Kỹ thuật dự báo', 'TN407', 3, 25);
insert into subject (created, created_by, modified, modified_by, name, subject_id, weight, id) values ('2018-10-21T12:28:01Z', 'phong', '2018-10-21T12:28:01Z', 'phong', 'Kho dữ liệu và OLAP', 'TN403', 3, 26);
insert into subject (created, created_by, modified, modified_by, name, subject_id, weight, id) values ('2018-10-21T12:28:01Z', 'phong', '2018-10-21T12:28:01Z', 'phong', 'Nhập môn hệ thống thông tin địa lý', 'TN211', 2, 27);
insert into subject (created, created_by, modified, modified_by, name, subject_id, weight, id) values ('2018-10-21T12:28:01Z', 'phong', '2018-10-21T12:28:01Z', 'phong', 'Kiến trúc và Thiết kế phần mềm', 'CT242', 3, 28);
insert into subject (created, created_by, modified, modified_by, name, subject_id, weight, id) values ('2018-10-21T12:28:01Z', 'phong', '2018-10-21T12:28:01Z', 'phong', 'Quản lý dự Án tin học', 'CT309', 2, 29);
insert into subject (created, created_by, modified, modified_by, name, subject_id, weight, id) values ('2018-10-21T12:28:01Z', 'phong', '2018-10-21T12:28:01Z', 'phong', 'Niên luận cơ sở ngành KTPM', 'CT239', 3, 30);
insert into subject (created, created_by, modified, modified_by, name, subject_id, weight, id) values ('2018-10-21T12:28:01Z', 'phong', '2018-10-21T12:28:01Z', 'phong', 'Phân tích và thiết kế thuật toán', 'CT120', 2, 31);
insert into subject (created, created_by, modified, modified_by, name, subject_id, weight, id) values ('2018-10-21T12:28:01Z', 'phong', '2018-10-21T12:28:01Z', 'phong', 'Tin học lý thuyết', 'CT121', 3, 32);
insert into subject (created, created_by, modified, modified_by, name, subject_id, weight, id) values ('2018-10-21T12:28:01Z', 'phong', '2018-10-21T12:28:01Z', 'phong', 'Niên luận Kỹ thuật phần mềm', 'CT438', 3, 33);
insert into subject (created, created_by, modified, modified_by, name, subject_id, weight, id) values ('2018-10-21T12:28:01Z', 'phong', '2018-10-21T12:28:01Z', 'phong', 'Tiểu luận tốt nghiệp - KTPM', 'CT464', 4, 34);
insert into subject (created, created_by, modified, modified_by, name, subject_id, weight, id) values ('2018-10-21T12:28:01Z', 'phong', '2018-10-21T12:28:01Z', 'phong', 'Luận văn tốt nghiệp - KTPM', 'CT594', 10, 35);
insert into subject (created, created_by, modified, modified_by, name, subject_id, weight, id) values ('2018-10-21T12:28:01Z', 'phong', '2018-10-21T12:28:01Z', 'phong', 'Phân tích và thiết kế hệ thống TT', 'CT109', 3, 36);
insert into subject (created, created_by, modified, modified_by, name, subject_id, weight, id) values ('2018-10-21T12:28:01Z', 'phong', '2018-10-21T12:28:01Z', 'phong', 'Ngôn ngữ mô hình hóa', 'CT182', 3, 37);
insert into subject (created, created_by, modified, modified_by, name, subject_id, weight, id) values ('2018-10-21T12:28:01Z', 'phong', '2018-10-21T12:28:01Z', 'phong', 'Quản trị cơ sở dữ liệu trên Windows', 'CT236', 2, 38);
insert into subject (created, created_by, modified, modified_by, name, subject_id, weight, id) values ('2018-10-21T12:28:01Z', 'phong', '2018-10-21T12:28:01Z', 'phong', 'Nguyên lý hệ quản trị cơ sở dữ liệu', 'CT237', 3, 39);
insert into subject (created, created_by, modified, modified_by, name, subject_id, weight, id) values ('2018-10-21T12:28:01Z', 'phong', '2018-10-21T12:28:01Z', 'phong', 'Phân tích hệ thống hướng đối tượng', 'CT430', 3, 40);
insert into subject (created, created_by, modified, modified_by, name, subject_id, weight, id) values ('2018-10-21T12:28:01Z', 'phong', '2018-10-21T12:28:01Z', 'phong', 'Niên luận Hệ thống thông tin', 'CT437', 3, 41);
insert into subject (created, created_by, modified, modified_by, name, subject_id, weight, id) values ('2018-10-21T12:28:01Z', 'phong', '2018-10-21T12:28:01Z', 'phong', 'Tiểu luận tốt nghiệp - HTTT', 'CT461', 4, 42);
insert into subject (created, created_by, modified, modified_by, name, subject_id, weight, id) values ('2018-10-21T12:28:01Z', 'phong', '2018-10-21T12:28:01Z', 'phong', 'Niên luận 2 - Tin học', 'CT111', 1, 43);
insert into subject (created, created_by, modified, modified_by, name, subject_id, weight, id) values ('2018-10-21T12:28:01Z', 'phong', '2018-10-21T12:28:01Z', 'phong', 'Lập trình Python', 'CT225', 2, 44);
insert into subject (created, created_by, modified, modified_by, name, subject_id, weight, id) values ('2018-10-21T12:28:01Z', 'phong', '2018-10-21T12:28:01Z', 'phong', 'Niên luận cơ sở mạng máy tính và truyền thông', 'CT226', 3, 45);
insert into subject (created, created_by, modified, modified_by, name, subject_id, weight, id) values ('2018-10-21T12:28:01Z', 'phong', '2018-10-21T12:28:01Z', 'phong', 'Niên luận 3 - Tin học', 'CT306', 1, 46);
insert into subject (created, created_by, modified, modified_by, name, subject_id, weight, id) values ('2018-10-21T12:28:01Z', 'phong', '2018-10-21T12:28:01Z', 'phong', 'Luận văn tốt nghiệp - Tin học', 'CT358', 10, 47);
insert into subject (created, created_by, modified, modified_by, name, subject_id, weight, id) values ('2018-10-21T12:28:01Z', 'phong', '2018-10-21T12:28:01Z', 'phong', 'Lập trình Web', 'CT428', 3, 48);
insert into subject (created, created_by, modified, modified_by, name, subject_id, weight, id) values ('2018-10-21T12:28:01Z', 'phong', '2018-10-21T12:28:01Z', 'phong', 'Niên luận Mạng máy tính và truyền thông', 'CT439', 3, 49);
insert into subject (created, created_by, modified, modified_by, name, subject_id, weight, id) values ('2018-10-21T12:28:01Z', 'phong', '2018-10-21T12:28:01Z', 'phong', 'Niên luận cơ sở - THƯD', 'CT270', 3, 50);
insert into subject (created, created_by, modified, modified_by, name, subject_id, weight, id) values ('2018-10-21T12:28:01Z', 'phong', '2018-10-21T12:28:01Z', 'phong', 'Ngôn ngữ mô hình hóa thống nhất', 'TN210', 2, 51);
insert into subject (created, created_by, modified, modified_by, name, subject_id, weight, id) values ('2018-10-21T12:28:01Z', 'phong', '2018-10-21T12:28:01Z', 'phong', 'Xây dựng hệ thống thông tin địa lý', 'TN213', 3, 52);
insert into subject (created, created_by, modified, modified_by, name, subject_id, weight, id) values ('2018-10-21T12:28:01Z', 'phong', '2018-10-21T12:28:01Z', 'phong', 'Thực tập thực tế - THƯD', 'TN405', 1, 53);
insert into subject (created, created_by, modified, modified_by, name, subject_id, weight, id) values ('2018-10-21T12:28:01Z', 'phong', '2018-10-21T12:28:01Z', 'phong', 'Niên luận - THƯD', 'TN408', 3, 54);
insert into subject (created, created_by, modified, modified_by, name, subject_id, weight, id) values ('2018-10-21T12:28:01Z', 'phong', '2018-10-21T12:28:01Z', 'phong', 'Luận văn tốt nghiệp - THƯD', 'TN418', 10, 55);
insert into subject (created, created_by, modified, modified_by, name, subject_id, weight, id) values ('2018-10-21T12:28:01Z', 'phong', '2018-10-21T12:28:01Z', 'phong', 'Mạng máy tính', 'CT112', 3, 56);
insert into subject (created, created_by, modified, modified_by, name, subject_id, weight, id) values ('2018-10-21T12:28:01Z', 'phong', '2018-10-21T12:28:01Z', 'phong', 'Công nghệ J2EE', 'CT224', 2, 57);
insert into subject (created, created_by, modified, modified_by, name, subject_id, weight, id) values ('2018-10-21T12:28:01Z', 'phong', '2018-10-21T12:28:01Z', 'phong', 'Điện toán đám mây', 'CT233', 3, 58);
insert into subject (created, created_by, modified, modified_by, name, subject_id, weight, id) values ('2018-10-21T12:28:01Z', 'phong', '2018-10-21T12:28:01Z', 'phong', 'Quản trị mạng trên Linux', 'CT334', 2, 59);
insert into subject (created, created_by, modified, modified_by, name, subject_id, weight, id) values ('2018-10-21T12:28:01Z', 'phong', '2018-10-21T12:28:01Z', 'phong', 'Thiết kế và cài đặt mạng', 'CT335', 3, 60);
insert into subject (created, created_by, modified, modified_by, name, subject_id, weight, id) values ('2018-10-21T12:28:01Z', 'phong', '2018-10-21T12:28:01Z', 'phong', 'Giải quyết sự cố mạng', 'CT344', 2, 61);
insert into subject (created, created_by, modified, modified_by, name, subject_id, weight, id) values ('2018-10-21T12:28:01Z', 'phong', '2018-10-21T12:28:01Z', 'phong', 'An toàn hệ thống và an ninh mạng', 'CT434', 3, 62);
insert into subject (created, created_by, modified, modified_by, name, subject_id, weight, id) values ('2018-10-21T12:28:01Z', 'phong', '2018-10-21T12:28:01Z', 'phong', 'Lập trình hướng đối tượng', 'CT176', 3, 63);
insert into subject (created, created_by, modified, modified_by, name, subject_id, weight, id) values ('2018-10-21T12:28:01Z', 'phong', '2018-10-21T12:28:01Z', 'phong', 'Lập trình mạng', 'CT221', 3, 64);
insert into subject (created, created_by, modified, modified_by, name, subject_id, weight, id) values ('2018-10-21T12:28:01Z', 'phong', '2018-10-21T12:28:01Z', 'phong', 'Lập trình mạng', 'CT319', 2, 65);
insert into subject (created, created_by, modified, modified_by, name, subject_id, weight, id) values ('2018-10-21T12:28:01Z', 'phong', '2018-10-21T12:28:01Z', 'phong', 'Quản trị hệ thống mạng', 'TN404', 3, 66);
insert into subject (created, created_by, modified, modified_by, name, subject_id, weight, id) values ('2018-10-21T12:28:01Z', 'phong', '2018-10-21T12:28:01Z', 'phong', 'Công nghệ web 3D', 'TN212', 3, 67);
insert into subject (created, created_by, modified, modified_by, name, subject_id, weight, id) values ('2018-10-21T12:28:01Z', 'phong', '2018-10-21T12:28:01Z', 'phong', 'Bảo mật hệ thống và an ninh mạng', 'TN229', 3, 68);
insert into subject (created, created_by, modified, modified_by, name, subject_id, weight, id) values ('2018-10-21T12:28:01Z', 'phong', '2018-10-21T12:28:01Z', 'phong', 'Quản trị hệ thống', 'CT179', 3, 69);
insert into subject (created, created_by, modified, modified_by, name, subject_id, weight, id) values ('2018-10-21T12:28:01Z', 'phong', '2018-10-21T12:28:01Z', 'phong', 'Xử lý ngôn ngữ tự nhiên', 'CT412', 2, 70);
insert into subject (created, created_by, modified, modified_by, name, subject_id, weight, id) values ('2018-10-21T12:28:01Z', 'phong', '2018-10-21T12:28:01Z', 'phong', 'Quản trị và bảo trì hệ thống', 'CT447', 3, 71);
insert into subject (created, created_by, modified, modified_by, name, subject_id, weight, id) values ('2018-10-21T12:28:01Z', 'phong', '2018-10-21T12:28:01Z', 'phong', 'Xây dựng dịch vụ mạng', 'CT341', 2, 72);
insert into subject (created, created_by, modified, modified_by, name, subject_id, weight, id) values ('2018-10-21T12:28:01Z', 'phong', '2018-10-21T12:28:01Z', 'phong', 'Bảo trì phần mềm', 'CT328', 2, 73);
insert into subject (created, created_by, modified, modified_by, name, subject_id, weight, id) values ('2018-10-21T12:28:01Z', 'phong', '2018-10-21T12:28:01Z', 'phong', 'Cấu trúc dữ liệu - Toán TK', 'TN185', 3, 74);
insert into subject (created, created_by, modified, modified_by, name, subject_id, weight, id) values ('2018-10-21T12:28:01Z', 'phong', '2018-10-21T12:28:01Z', 'phong', 'Mạng không dây và di động', 'CT338', 2, 75);
insert into subject (created, created_by, modified, modified_by, name, subject_id, weight, id) values ('2018-10-21T12:28:01Z', 'phong', '2018-10-21T12:28:01Z', 'phong', 'Lập trình căn bản A', 'CT101', 4, 76);
insert into subject (created, created_by, modified, modified_by, name, subject_id, weight, id) values ('2018-10-21T12:28:01Z', 'phong', '2018-10-21T12:28:01Z', 'phong', 'Lý thuyết đồ thị', 'CT175', 3, 77);
insert into subject (created, created_by, modified, modified_by, name, subject_id, weight, id) values ('2018-10-21T12:28:01Z', 'phong', '2018-10-21T12:28:01Z', 'phong', 'Nguyên lý máy học', 'CT202', 3, 78);
insert into subject (created, created_by, modified, modified_by, name, subject_id, weight, id) values ('2018-10-21T12:28:01Z', 'phong', '2018-10-21T12:28:01Z', 'phong', 'An ninh mạng', 'CT211', 3, 79);
insert into subject (created, created_by, modified, modified_by, name, subject_id, weight, id) values ('2018-10-21T12:28:01Z', 'phong', '2018-10-21T12:28:01Z', 'phong', 'Hệ thống thông tin doanh nghiệp', 'CT181', 3, 80);
insert into subject (created, created_by, modified, modified_by, name, subject_id, weight, id) values ('2018-10-21T12:28:01Z', 'phong', '2018-10-21T12:28:01Z', 'phong', 'Anh văn chuyên môn CNTT 1', 'CT183', 3, 81);
insert into subject (created, created_by, modified, modified_by, name, subject_id, weight, id) values ('2018-10-21T12:28:01Z', 'phong', '2018-10-21T12:28:01Z', 'phong', 'Quản trị cơ sở dữ liệu', 'CT205', 3, 82);
insert into subject (created, created_by, modified, modified_by, name, subject_id, weight, id) values ('2018-10-21T12:28:01Z', 'phong', '2018-10-21T12:28:01Z', 'phong', 'Hệ quản trị cơ sở dữ liệu Oracle', 'CT269', 2, 83);
insert into subject (created, created_by, modified, modified_by, name, subject_id, weight, id) values ('2018-10-21T12:28:01Z', 'phong', '2018-10-21T12:28:01Z', 'phong', 'Vi - Tích phân', 'CT051H', 4, 84);
insert into subject (created, created_by, modified, modified_by, name, subject_id, weight, id) values ('2018-10-21T12:28:01Z', 'phong', '2018-10-21T12:28:01Z', 'phong', 'Quản trị yêu cầu người dùng', 'CT253', 3, 85);
insert into subject (created, created_by, modified, modified_by, name, subject_id, weight, id) values ('2018-10-21T12:28:01Z', 'phong', '2018-10-21T12:28:01Z', 'phong', 'Niên luận 4 - Tin học', 'CT307', 1, 86);
insert into subject (created, created_by, modified, modified_by, name, subject_id, weight, id) values ('2018-10-21T12:28:01Z', 'phong', '2018-10-21T12:28:01Z', 'phong', 'Luận văn tốt nghiệp - HTTT', 'CT591', 10, 87);
insert into subject (created, created_by, modified, modified_by, name, subject_id, weight, id) values ('2018-10-21T12:28:01Z', 'phong', '2018-10-21T12:28:01Z', 'phong', 'Nền tảng công nghệ thông tin', 'CT187', 3, 88);
insert into subject (created, created_by, modified, modified_by, name, subject_id, weight, id) values ('2018-10-21T12:28:01Z', 'phong', '2018-10-21T12:28:01Z', 'phong', 'Tiểu luận tốt nghiệp - CNTT', 'CT468', 4, 89);
insert into subject (created, created_by, modified, modified_by, name, subject_id, weight, id) values ('2018-10-21T12:28:01Z', 'phong', '2018-10-21T12:28:01Z', 'phong', 'TT. Tin học căn bản', 'TN034', 2, 90);
insert into subject (created, created_by, modified, modified_by, name, subject_id, weight, id) values ('2018-10-21T12:28:01Z', 'phong', '2018-10-21T12:28:01Z', 'phong', 'Nguyên lý ngôn ngữ lập trình', 'CT158', 3, 91);
insert into subject (created, created_by, modified, modified_by, name, subject_id, weight, id) values ('2018-10-21T12:28:01Z', 'phong', '2018-10-21T12:28:01Z', 'phong', 'Quản trị dự Án tin học', 'TN277', 2, 92);
insert into subject (created, created_by, modified, modified_by, name, subject_id, weight, id) values ('2018-10-21T12:28:01Z', 'phong', '2018-10-21T12:28:01Z', 'phong', 'Lập trình .NET', 'TN207', 3, 93);
insert into subject (created, created_by, modified, modified_by, name, subject_id, weight, id) values ('2018-10-21T12:28:01Z', 'phong', '2018-10-21T12:28:01Z', 'phong', 'Phát triển ứng dụng trên thiết bị di động', 'TN216', 3, 94);
insert into subject (created, created_by, modified, modified_by, name, subject_id, weight, id) values ('2018-10-21T12:28:01Z', 'phong', '2018-10-21T12:28:01Z', 'phong', 'Phương pháp tính - CNTT', 'CT124', 2, 95);
insert into subject (created, created_by, modified, modified_by, name, subject_id, weight, id) values ('2018-10-21T12:28:01Z', 'phong', '2018-10-21T12:28:01Z', 'phong', 'Kỹ thuật đồ hoạ - CNTT', 'CT128', 2, 96);
insert into subject (created, created_by, modified, modified_by, name, subject_id, weight, id) values ('2018-10-21T12:28:01Z', 'phong', '2018-10-21T12:28:01Z', 'phong', 'Toán rời rạc', 'CT172', 4, 97);
insert into subject (created, created_by, modified, modified_by, name, subject_id, weight, id) values ('2018-10-21T12:28:01Z', 'phong', '2018-10-21T12:28:01Z', 'phong', 'Đồ họa máy tính', 'CT203', 3, 98);
insert into subject (created, created_by, modified, modified_by, name, subject_id, weight, id) values ('2018-10-21T12:28:01Z', 'phong', '2018-10-21T12:28:01Z', 'phong', 'Tiểu luận tốt nghiệp - KHMT', 'CT465', 4, 99);
insert into subject (created, created_by, modified, modified_by, name, subject_id, weight, id) values ('2018-10-21T12:28:01Z', 'phong', '2018-10-21T12:28:01Z', 'phong', 'Lập trình hướng đối tượng C++', 'CT114', 3, 100);
insert into subject (created, created_by, modified, modified_by, name, subject_id, weight, id) values ('2018-10-21T12:28:01Z', 'phong', '2018-10-21T12:28:01Z', 'phong', 'Quản trị mạng', 'CT333', 2, 101);
insert into subject (created, created_by, modified, modified_by, name, subject_id, weight, id) values ('2018-10-21T12:28:01Z', 'phong', '2018-10-21T12:28:01Z', 'phong', 'Anh văn chuyên môn tin học', 'CT118', 2, 102);
insert into subject (created, created_by, modified, modified_by, name, subject_id, weight, id) values ('2018-10-21T12:28:01Z', 'phong', '2018-10-21T12:28:01Z', 'phong', 'Anh văn chuyên môn CNTT 2', 'CT184', 3, 103);
insert into subject (created, created_by, modified, modified_by, name, subject_id, weight, id) values ('2018-10-21T12:28:01Z', 'phong', '2018-10-21T12:28:01Z', 'phong', 'Thống kê tin học Ứng dụng', 'TN222', 3, 104);
insert into subject (created, created_by, modified, modified_by, name, subject_id, weight, id) values ('2018-10-21T12:28:01Z', 'phong', '2018-10-21T12:28:01Z', 'phong', 'Hệ quản trị cơ sở dữ liệu', 'CT110', 2, 105);
insert into subject (created, created_by, modified, modified_by, name, subject_id, weight, id) values ('2018-10-21T12:28:01Z', 'phong', '2018-10-21T12:28:01Z', 'phong', 'Giao diện người - máy', 'CT304', 2, 106);
insert into subject (created, created_by, modified, modified_by, name, subject_id, weight, id) values ('2018-10-21T12:28:01Z', 'phong', '2018-10-21T12:28:01Z', 'phong', 'Kiến trúc máy tính', 'CT104', 2, 107);
insert into subject (created, created_by, modified, modified_by, name, subject_id, weight, id) values ('2018-10-21T12:28:01Z', 'phong', '2018-10-21T12:28:01Z', 'phong', 'Tiểu luận tốt nghiệp - TT&MMT', 'CT462', 4, 108);
insert into subject (created, created_by, modified, modified_by, name, subject_id, weight, id) values ('2018-10-21T12:28:01Z', 'phong', '2018-10-21T12:28:01Z', 'phong', 'Luận văn tốt nghiệp - TT&MMT', 'CT592', 10, 109);
insert into subject (created, created_by, modified, modified_by, name, subject_id, weight, id) values ('2018-10-21T12:28:01Z', 'phong', '2018-10-21T12:28:01Z', 'phong', 'Kỹ thuật xử lý Ảnh', 'TN201', 2, 110);
insert into subject (created, created_by, modified, modified_by, name, subject_id, weight, id) values ('2018-10-21T12:28:01Z', 'phong', '2018-10-21T12:28:01Z', 'phong', 'Xây dựng ứng dụng Web với PHP và MySQL', 'TN411', 3, 111);
insert into subject (created, created_by, modified, modified_by, name, subject_id, weight, id) values ('2018-10-21T12:28:01Z', 'phong', '2018-10-21T12:28:01Z', 'phong', 'Đánh giá hiệu năng mạng', 'CT337', 2, 112);
insert into subject (created, created_by, modified, modified_by, name, subject_id, weight, id) values ('2018-10-21T12:28:01Z', 'phong', '2018-10-21T12:28:01Z', 'phong', 'Phân tích yêu cầu phần mềm', 'CT241', 3, 113);
insert into subject (created, created_by, modified, modified_by, name, subject_id, weight, id) values ('2018-10-21T12:28:01Z', 'phong', '2018-10-21T12:28:01Z', 'phong', 'Phát triển Ứng dụng trên Windows', 'CT251', 3, 114);
insert into subject (created, created_by, modified, modified_by, name, subject_id, weight, id) values ('2018-10-21T12:28:01Z', 'phong', '2018-10-21T12:28:01Z', 'phong', 'Chuyên đề ngôn ngữ lập trình KHMT', 'CT170', 2, 115);
insert into subject (created, created_by, modified, modified_by, name, subject_id, weight, id) values ('2018-10-21T12:28:01Z', 'phong', '2018-10-21T12:28:01Z', 'phong', 'Công nghệ Web', 'CT448', 2, 116);
insert into subject (created, created_by, modified, modified_by, name, subject_id, weight, id) values ('2018-10-21T12:28:01Z', 'phong', '2018-10-21T12:28:01Z', 'phong', 'Chuyên đề ngôn ngữ lập trình 1', 'CT115', 2, 117);
insert into subject (created, created_by, modified, modified_by, name, subject_id, weight, id) values ('2018-10-21T12:28:01Z', 'phong', '2018-10-21T12:28:01Z', 'phong', 'Java', 'CT276', 3, 118);
insert into subject (created, created_by, modified, modified_by, name, subject_id, weight, id) values ('2018-10-21T12:28:01Z', 'phong', '2018-10-21T12:28:01Z', 'phong', 'Niên luận cơ sở ngành Khoa học máy tính', 'CT201', 3, 119);
insert into subject (created, created_by, modified, modified_by, name, subject_id, weight, id) values ('2018-10-21T12:28:01Z', 'phong', '2018-10-21T12:28:01Z', 'phong', 'Khai khoáng dữ liệu', 'CT312', 3, 120);
insert into subject (created, created_by, modified, modified_by, name, subject_id, weight, id) values ('2018-10-21T12:28:01Z', 'phong', '2018-10-21T12:28:01Z', 'phong', 'Xử lý Ảnh', 'CT316', 3, 121);
insert into subject (created, created_by, modified, modified_by, name, subject_id, weight, id) values ('2018-10-21T12:28:01Z', 'phong', '2018-10-21T12:28:01Z', 'phong', 'Trí tuệ nhân tạo', 'CT332', 3, 122);
insert into subject (created, created_by, modified, modified_by, name, subject_id, weight, id) values ('2018-10-21T12:28:01Z', 'phong', '2018-10-21T12:28:01Z', 'phong', 'Niên luận Khoa học máy tính', 'CT440', 3, 123);
insert into subject (created, created_by, modified, modified_by, name, subject_id, weight, id) values ('2018-10-21T12:28:01Z', 'phong', '2018-10-21T12:28:01Z', 'phong', 'Luận văn tốt nghiệp - KHMT', 'CT595', 10, 124);
insert into subject (created, created_by, modified, modified_by, name, subject_id, weight, id) values ('2018-10-21T12:28:01Z', 'phong', '2018-10-21T12:28:01Z', 'phong', 'Niên luận cơ sở - CNTT', 'CT271', 3, 125);
insert into subject (created, created_by, modified, modified_by, name, subject_id, weight, id) values ('2018-10-21T12:28:01Z', 'phong', '2018-10-21T12:28:01Z', 'phong', 'Luận văn tốt nghiệp - CNTT', 'CT593', 10, 126);
insert into subject (created, created_by, modified, modified_by, name, subject_id, weight, id) values ('2018-10-21T12:28:01Z', 'phong', '2018-10-21T12:28:01Z', 'phong', 'Kỹ năng làm việc nhóm', 'CT057H', 1, 127);
insert into subject (created, created_by, modified, modified_by, name, subject_id, weight, id) values ('2018-10-21T12:28:01Z', 'phong', '2018-10-21T12:28:01Z', 'phong', 'Truyền thông đa phương tiện', 'CT336', 2, 128);